SNPID	CHR	POS	EA	NEA	STATUS	REF	ALT	EAF	BETA	SE	OR	Z	P	N	TEST	PROVISIONAL_REF?	OMITTED	ERRCODE	cs	pip
20:42263810:A:C	20	42263810	A	C	9999999	A	C	0.205645	0.1720607610848937	0.156814	1.18775	1.09723	0.272542	496	ADD	Y	C	.	0	5.959317793728233e-12
20:42268061:G:A	20	42268061	A	G	9999999	G	A	0.0121457	-0.572156849334734	0.598313	0.564307	-0.956283	0.338929	494	ADD	Y	G	.	0	5.171947801119386e-12
20:42270921:T:C	20	42270921	T	C	9999999	T	C	0.205645	0.183903637976606	0.157894	1.2019	1.16473	0.244129	496	ADD	Y	C	.	0	6.421442455910792e-12
20:42275956:G:A	20	42275956	A	G	9999999	G	A	0.0192308	-0.4192740136952549	0.448589	0.657524	-0.934651	0.349968	494	ADD	Y	G	.	0	5.069327350069719e-12
20:42276220:G:C	20	42276220	C	G	9999999	G	C	0.0202429	-0.4657550671804228	0.469744	0.627661	-0.991506	0.321438	494	ADD	Y	G	.	0	5.3487149202022985e-12
20:42277392:C:A	20	42277392	C	A	9999999	C	A	0.184848	0.2270080744163606	0.164943	1.25484	1.37629	0.168731	495	ADD	Y	A	.	0	8.349737576288909e-12
20:42279727:C:T	20	42279727	C	T	9999999	C	T	0.205466	0.1538706406199393	0.157788	1.16634	0.975197	0.329463	494	ADD	Y	T	.	0	5.265212926914871e-12
20:42281384:A:G	20	42281384	A	G	9999999	A	G	0.208081	0.1543420900785758	0.156599	1.16689	0.985563	0.324348	495	ADD	Y	G	.	0	5.31813994043071e-12
20:42281834:A:G	20	42281834	A	G	9999999	A	G	0.20749	0.1714459646852478	0.156888	1.18702	1.09279	0.274486	494	ADD	Y	G	.	0	5.931054394758106e-12
20:42282286:T:A	20	42282286	T	A	9999999	T	A	0.206061	0.1482561985992697	0.156725	1.15981	0.945963	0.344167	495	ADD	Y	A	.	0	5.1224470558022776e-12
20:42296901:C:T	20	42296901	T	C	9999999	C	T	0.0202429	-0.4736101248398472	0.470219	0.62275	-1.00721	0.313832	494	ADD	Y	C	.	0	5.431564558411833e-12
20:42296961:T:C	20	42296961	T	C	9999999	T	C	0.184476	0.1664292741250932	0.164266	1.18108	1.01315	0.310987	496	ADD	Y	C	.	0	5.463672874871802e-12
20:42299914:T:G	20	42299914	T	G	9999999	T	G	0.204637	0.1081635833901911	0.156492	1.11423	0.691159	0.489465	496	ADD	Y	G	.	0	4.174933527512994e-12
20:42302741:G:C	20	42302741	C	G	9999999	G	C	0.0192308	-0.3953756780188525	0.476197	0.673427	-0.830278	0.406382	494	ADD	Y	G	.	0	4.631663951846057e-12
20:42306260:A:G	20	42306260	A	G	9999999	A	G	0.204868	0.0926429896492748	0.156734	1.09707	0.591105	0.55445	493	ADD	Y	G	.	0	3.920016242162027e-12
20:42308715:T:G	20	42308715	T	G	9999999	T	G	0.183468	0.1550188742659458	0.164313	1.16768	0.943456	0.345447	496	ADD	Y	G	.	0	5.110476348181163e-12
20:42308948:A:G	20	42308948	A	G	9999999	A	G	0.203629	0.096518540351659	0.156521	1.10133	0.616668	0.537454	496	ADD	Y	G	.	0	3.9798943166038114e-12
20:42310509:T:C	20	42310509	T	C	9999999	T	C	0.20303	0.1172673471563669	0.156798	1.12442	0.747904	0.454518	495	ADD	Y	C	.	0	4.345511581733048e-12
20:42315091:G:A	20	42315091	G	A	9999999	G	A	0.184211	0.1902401220382502	0.164785	1.20954	1.15448	0.248305	494	ADD	Y	A	.	0	6.3471967763618075e-12
20:42316410:C:T	20	42316410	T	C	9999999	C	T	0.0152439	-0.0622318502163166	0.511306	0.939665	-0.121712	0.903127	492	ADD	Y	C	.	0	3.325787877933296e-12
20:42316582:G:A	20	42316582	G	A	9999999	G	A	0.172727	0.1879225088035997	0.171108	1.20674	1.09829	0.272077	495	ADD	Y	A	.	0	5.965980122891252e-12
20:42317576:C:T	20	42317576	T	C	9999999	C	T	0.0121457	-0.5291202886092711	0.597442	0.589123	-0.885642	0.375811	494	ADD	Y	C	.	0	4.852483336808421e-12
20:42319948:T:A	20	42319948	A	T	9999999	T	A	0.0202429	-0.4751367813574836	0.47031	0.6218	-1.01026	0.31237	494	ADD	Y	T	.	0	5.447961874072852e-12
20:42321222:A:G	20	42321222	A	G	9999999	A	G	0.10101	0.4843194176085436	0.216769	1.62307	2.23427	0.0254651	495	ADD	Y	G	.	0	3.7501109919763203e-11
20:42321828:C:A	20	42321828	C	A	9999999	C	A	0.10061	0.469390941590981	0.217285	1.59902	2.16024	0.0307539	492	ADD	Y	A	.	0	3.2057767608584074e-11
20:42324335:A:T	20	42324335	A	T	9999999	A	T	0.208081	0.1964216811727361	0.161784	1.21704	1.21409	0.224714	495	ADD	Y	T	.	0	6.800933428288272e-12
20:42328749:A:G	20	42328749	A	G	9999999	A	G	0.100406	0.4103796784659946	0.215754	1.50739	1.90206	0.0571632	493	ADD	Y	G	.	0	1.9305596993378565e-11
20:42328776:C:T	20	42328776	T	C	9999999	C	T	0.301411	-0.3013929720550208	0.142442	0.739787	-2.1159	0.0343533	496	ADD	Y	C	.	0	2.925311580804696e-11
20:42330940:T:C	20	42330940	C	T	9999999	T	C	0.0795918	-0.1078090664687416	0.240745	0.897799	-0.447815	0.654287	490	ADD	Y	T	.	0	3.643663253937551e-12
20:42343111:C:A	20	42343111	C	A	9999999	C	A	0.10202	0.439995351004987	0.214563	1.5527	2.05065	0.0403014	495	ADD	Y	A	.	0	2.565273852291613e-11
20:42345463:T:C	20	42345463	T	C	9999999	T	C	0.10102	0.5219851242688951	0.220544	1.68537	2.3668	0.0179425	490	ADD	Y	C	.	0	5.029375538924998e-11
20:42346207:T:G	20	42346207	T	G	9999999	T	G	0.101215	0.4636459620410182	0.215913	1.58986	2.14737	0.0317636	494	ADD	Y	G	.	0	3.12107936009895e-11
20:42355753:C:T	20	42355753	C	T	9999999	C	T	0.131048	0.1342598772151783	0.193666	1.14369	0.693243	0.488157	496	ADD	Y	T	.	0	4.180832919990211e-12
20:42357295:C:A	20	42357295	C	A	9999999	C	A	0.132323	0.2359492077831581	0.194278	1.26611	1.21449	0.22456	495	ADD	Y	A	.	0	6.804117870918831e-12
20:42361906:G:T	20	42361906	G	T	9999999	G	T	0.357863	0.1139177974606435	0.13477	1.12066	0.845292	0.397948	496	ADD	Y	T	.	0	4.6890865630133506e-12
20:42362144:C:T	20	42362144	T	C	9999999	C	T	0.308081	1.9999800002575608e-05	0.139881	1.00002	0.000150693	0.99988	495	ADD	Y	C	.	0	3.3016513063640923e-12
20:42364772:A:T	20	42364772	T	A	9999999	A	T	0.0201613	0.606821023299101	0.4668	1.83459	1.29996	0.193614	496	ADD	Y	A	.	0	7.557357393661537e-12
20:42367978:C:T	20	42367978	T	C	9999999	C	T	0.0181818	-0.1172261907233046	0.477007	0.889384	-0.245752	0.805874	495	ADD	Y	C	.	0	3.4011581823060237e-12
20:42372846:G:A	20	42372846	A	G	9999999	G	A	0.140121	0.1421937657031753	0.184932	1.1528	0.768917	0.441942	496	ADD	Y	G	.	0	4.413977986997218e-12
20:42376305:G:A	20	42376305	A	G	9999999	G	A	0.0232323	-0.1573827306141976	0.427257	0.854377	-0.368355	0.712608	495	ADD	Y	G	.	0	3.529382867447643e-12
20:42377707:C:T	20	42377707	T	C	9999999	C	T	0.0183299	0.4597765100902192	0.481946	1.58372	0.953999	0.340084	491	ADD	Y	C	.	0	5.160907490602727e-12
20:42384611:G:C	20	42384611	C	G	9999999	G	C	0.0212121	0.6227300810558758	0.461908	1.86401	1.34817	0.177603	495	ADD	Y	G	.	0	8.043395043229405e-12
20:42391446:C:T	20	42391446	T	C	9999999	C	T	0.125506	-0.0203619036620544	0.189139	0.979844	-0.107658	0.914267	494	ADD	Y	C	.	0	3.32052012041791e-12
20:42397371:C:T	20	42397371	T	C	9999999	C	T	0.0222222	-0.2777924695151227	0.414115	0.757454	-0.670808	0.502343	495	ADD	Y	C	.	0	4.118481629286139e-12
20:42397857:A:G	20	42397857	G	A	9999999	A	G	0.430894	-0.000854364865745	0.125985	0.999146	-0.00677818	0.994592	492	ADD	Y	A	.	0	3.3017259347129987e-12
20:42401973:A:T	20	42401973	T	A	9999999	A	T	0.0364372	0.2177530486252193	0.327298	1.24328	0.665304	0.505856	494	ADD	Y	A	.	0	4.103640615640818e-12
20:42404745:T:G	20	42404745	T	G	9999999	T	G	0.444219	0.0082954970241069	0.126422	1.00833	0.0656279	0.947674	493	ADD	Y	G	.	0	3.3086487020634514e-12
20:42407004:G:C	20	42407004	C	G	9999999	G	C	0.0657895	-0.0030616821691956	0.268407	0.996943	-0.0114061	0.990899	494	ADD	Y	G	.	0	3.3018625195615178e-12
20:42412288:C:T	20	42412288	C	T	9999999	C	T	0.457661	0.00183830927364	0.126991	1.00184	0.0145035	0.988428	496	ADD	Y	T	.	0	3.3019914905076737e-12
20:42413034:A:T	20	42413034	T	A	9999999	A	T	0.440404	-0.0107374405427412	0.129037	0.98932	-0.0832111	0.933684	495	ADD	Y	A	.	0	3.3129115591742266e-12
20:42413040:A:T	20	42413040	T	A	9999999	A	T	0.442308	0.0059820716775474	0.129982	1.006	0.0460199	0.963294	494	ADD	Y	A	.	0	3.3050916346115093e-12
20:42421408:T:A	20	42421408	A	T	9999999	T	A	0.49596	-0.0846639525293872	0.129679	0.918821	-0.652876	0.513836	495	ADD	Y	T	.	0	4.070764505112563e-12
20:42421946:A:C	20	42421946	C	A	9999999	A	C	0.426113	-0.0302190301440282	0.130048	0.970233	-0.232367	0.816253	494	ADD	Y	A	.	0	3.390474468953053e-12
20:42422051:T:A	20	42422051	A	T	9999999	T	A	0.222782	0.1998094155761815	0.161196	1.22117	1.23956	0.215137	496	ADD	Y	T	.	0	7.011641963066851e-12
20:42422478:G:C	20	42422478	C	G	9999999	G	C	0.442308	-0.0280137464551989	0.128399	0.972375	-0.218176	0.827292	494	ADD	Y	G	.	0	3.3798342268024796e-12
20:42424581:C:T	20	42424581	T	C	9999999	C	T	0.473631	-0.0779745145268345	0.124959	0.924988	-0.623996	0.53263	493	ADD	Y	C	.	0	3.997755523214108e-12
20:42432890:A:C	20	42432890	C	A	9999999	A	C	0.0313765	0.3991317614074361	0.377012	1.49053	1.05866	0.289753	494	ADD	Y	A	.	0	5.721750070497657e-12
20:42438391:A:G	20	42438391	A	G	9999999	A	G	0.443548	-0.2326119857980868	0.13203	0.792461	-1.76181	0.0781015	496	ADD	Y	G	.	0	1.504614318321615e-11
20:42439926:G:T	20	42439926	G	T	9999999	G	T	0.470707	-0.2116300863563188	0.130279	0.809264	-1.62444	0.104283	495	ADD	Y	T	.	0	1.2001500873247713e-11
20:42440419:G:A	20	42440419	G	A	9999999	G	A	0.471717	-0.1989108005416388	0.130462	0.819623	-1.52466	0.127344	495	ADD	Y	A	.	0	1.0299392356423393e-11
20:42442339:C:T	20	42442339	C	T	9999999	C	T	0.480808	-0.196970328051914	0.131073	0.821215	-1.50276	0.132901	495	ADD	Y	T	.	0	9.971871613896208e-12
20:42443332:C:T	20	42443332	C	T	9999999	C	T	0.483838	-0.2286021725158649	0.130853	0.795645	-1.74701	0.0806348	495	ADD	Y	T	.	0	1.4671535837359578e-11
20:42450471:A:G	20	42450471	A	G	9999999	A	G	0.453347	-0.2774136403829881	0.13025	0.757741	-2.12986	0.0331836	493	ADD	Y	G	.	0	3.010208967187572e-11
20:42455718:C:T	20	42455718	C	T	9999999	C	T	0.457404	-0.2306504073848594	0.124857	0.794017	-1.84732	0.0647001	493	ADD	Y	T	.	0	1.7476787515620328e-11
20:42463582:C:T	20	42463582	C	T	9999999	C	T	0.453629	-0.2802947592977676	0.126463	0.755561	-2.21642	0.026663	496	ADD	Y	T	.	0	3.609251533598673e-11
20:42469357:T:C	20	42469357	T	C	9999999	T	C	0.122984	-0.1548227389417361	0.195888	0.856567	-0.790365	0.429314	496	ADD	Y	C	.	0	4.487042952144487e-12
20:42481095:C:T	20	42481095	T	C	9999999	C	T	0.357863	0.291437511953198	0.131826	1.33835	2.21078	0.0270511	496	ADD	Y	C	.	0	3.566045347997556e-11
20:42485349:T:C	20	42485349	C	T	9999999	T	C	0.489919	0.174667337857095	0.129105	1.19085	1.35292	0.176081	496	ADD	Y	T	.	0	8.093816871815646e-12
20:42488312:G:A	20	42488312	G	A	9999999	G	A	0.480612	0.2028836995068322	0.130234	1.22493	1.55784	0.119271	490	ADD	Y	A	.	0	1.0825305532330411e-11
20:42488587:T:C	20	42488587	C	T	9999999	T	C	0.062753	0.1235795367701917	0.253373	1.13154	0.487742	0.625733	494	ADD	Y	T	.	0	3.711138944718297e-12
20:42488841:A:G	20	42488841	A	G	9999999	A	G	0.477823	0.1748100828434197	0.129841	1.19102	1.34637	0.178184	496	ADD	Y	G	.	0	8.024065075099772e-12
20:42495962:C:T	20	42495962	T	C	9999999	C	T	0.034413	0.1739785168897027	0.35643	1.19003	0.488106	0.625475	494	ADD	Y	C	.	0	3.711808865158669e-12
20:42501897:G:A	20	42501897	G	A	9999999	G	A	0.340404	-0.1920374031407634	0.13468	0.825276	-1.42588	0.153904	495	ADD	Y	A	.	0	8.935443794154032e-12
20:42503401:C:T	20	42503401	T	C	9999999	C	T	0.0121704	0.5455458402441773	0.596529	1.72555	0.914533	0.360437	493	ADD	Y	C	.	0	4.9777588740127266e-12
20:42507207:A:T	20	42507207	T	A	9999999	A	T	0.374494	0.0888438636266052	0.127342	1.09291	0.697694	0.485368	494	ADD	Y	A	.	0	4.19347855498006e-12
20:42509287:T:A	20	42509287	A	T	9999999	T	A	0.0272727	-0.6488030759579356	0.412769	0.522671	-1.57183	0.11599	495	ADD	Y	T	.	0	1.1058560112436112e-11
20:42509542:A:T	20	42509542	T	A	9999999	A	T	0.0364372	0.0511872887691534	0.336204	1.05252	0.152263	0.878979	494	ADD	Y	A	.	0	3.339497126487243e-12
20:42510176:C:A	20	42510176	A	C	9999999	C	A	0.0344828	0.1734069394043804	0.344514	1.18935	0.50334	0.614725	493	ADD	Y	C	.	0	3.739431651326766e-12
20:42517230:T:C	20	42517230	C	T	9999999	T	C	0.0364372	0.0577215885606248	0.336138	1.05942	0.171722	0.863656	494	ADD	Y	T	.	0	3.349869408740158e-12
20:42517481:A:T	20	42517481	T	A	9999999	A	T	0.0171717	0.1640727217371579	0.485738	1.1783	0.337784	0.735526	495	ADD	Y	A	.	0	3.492130417143503e-12
20:42521248:G:A	20	42521248	A	G	9999999	G	A	0.0131048	-0.2850814569855036	0.56151	0.751953	-0.507706	0.61166	496	ADD	Y	G	.	0	3.7475507546863705e-12
20:42523761:A:T	20	42523761	A	T	9999999	A	T	0.462551	-0.0178391761286062	0.127698	0.982319	-0.1397	0.888897	494	ADD	Y	T	.	0	3.3334853665492106e-12
20:42525311:T:C	20	42525311	C	T	9999999	T	C	0.0385396	-0.0613967948653235	0.329705	0.94045	-0.186219	0.852273	493	ADD	Y	T	.	0	3.3584266851981e-12
20:42525406:G:C	20	42525406	C	G	9999999	G	C	0.0384615	-0.0628333091715691	0.3297	0.9391	-0.190579	0.848856	494	ADD	Y	G	.	0	3.3611402326781434e-12
20:42525544:T:C	20	42525544	C	T	9999999	T	C	0.0373737	-0.1205531187964958	0.334495	0.88643	-0.360402	0.718547	495	ADD	Y	T	.	0	3.519344562587468e-12
20:42529717:C:A	20	42529717	A	C	9999999	C	A	0.186492	-0.4089491704107047	0.166401	0.664348	-2.45761	0.0139866	496	ADD	Y	C	.	0	6.20713169979278e-11
20:42532910:G:A	20	42532910	A	G	9999999	G	A	0.469758	0.368821870409326	0.132647	1.44603	2.78047	0.00542809	496	ADD	Y	G	.	0	1.3936145503212862e-10
20:42533439:T:G	20	42533439	G	T	9999999	T	G	0.470707	0.3635383368801292	0.132806	1.43841	2.73738	0.00619309	495	ADD	Y	T	.	0	1.244165228681964e-10
20:42533655:A:G	20	42533655	G	A	9999999	A	G	0.180527	-0.2490564080997984	0.167447	0.779536	-1.48737	0.136918	493	ADD	Y	A	.	0	9.750921976560966e-12
20:42536236:C:A	20	42536236	A	C	9999999	C	A	0.47379	0.3523455857775032	0.132339	1.4224	2.66246	0.00775708	496	ADD	Y	C	.	0	1.0256391853113401e-10
20:42536403:C:A	20	42536403	A	C	9999999	C	A	0.470766	0.340265034859909	0.131442	1.40532	2.58871	0.00963354	496	ADD	Y	C	.	0	8.522673962282322e-11
20:42536707:C:T	20	42536707	T	C	9999999	C	T	0.475709	0.3347063927218942	0.132096	1.39753	2.53379	0.0112837	494	ADD	Y	C	.	0	7.448931650926912e-11
20:42547658:A:G	20	42547658	G	A	9999999	A	G	0.473684	0.3286272593835392	0.131557	1.38906	2.498	0.0124897	494	ADD	Y	A	.	0	6.832311278241762e-11
20:42547871:A:G	20	42547871	G	A	9999999	A	G	0.477778	0.3642541490621263	0.131224	1.43944	2.77582	0.00550631	495	ADD	Y	A	.	0	1.3765322723268947e-10
20:42548651:A:G	20	42548651	G	A	9999999	A	G	0.478745	0.3385842903789001	0.13122	1.40296	2.58026	0.00987257	494	ADD	Y	A	.	0	8.346786487448748e-11
20:42548816:G:A	20	42548816	A	G	9999999	G	A	0.463563	0.2849082289023855	0.1326	1.32964	2.14865	0.0316625	494	ADD	Y	G	.	0	3.129212244152172e-11
20:42553993:T:C	20	42553993	C	T	9999999	T	C	0.372727	-0.0677404418187992	0.131553	0.934503	-0.514927	0.606604	495	ADD	Y	T	.	0	3.761173845441413e-12
20:42554681:T:C	20	42554681	C	T	9999999	T	C	0.22379	-0.103545497134266	0.148112	0.901635	-0.699105	0.484486	496	ADD	Y	T	.	0	4.197572311276698e-12
20:42555026:G:A	20	42555026	A	G	9999999	G	A	0.273185	-0.2804562417600643	0.144891	0.755439	-1.93563	0.0529132	496	ADD	Y	G	.	0	2.054863023781069e-11
20:42555227:C:T	20	42555227	T	C	9999999	C	T	0.230691	-0.0842406734815279	0.145048	0.91921	-0.580781	0.561388	492	ADD	Y	C	.	0	3.896837743156962e-12
20:42555316:G:A	20	42555316	A	G	9999999	G	A	0.15121	-0.0474952529289929	0.173226	0.953615	-0.27418	0.783947	496	ADD	Y	G	.	0	3.4259598598258063e-12
20:42555670:T:A	20	42555670	A	T	9999999	T	A	0.445122	-0.1807368131637283	0.126827	0.834655	-1.42506	0.154138	492	ADD	Y	T	.	0	8.925344399713956e-12
20:42555756:C:A	20	42555756	A	C	9999999	C	A	0.212121	-0.2184371438450056	0.156667	0.803774	-1.39428	0.163233	495	ADD	Y	C	.	0	8.555330585522371e-12
20:42556057:A:T	20	42556057	T	A	9999999	A	T	0.212702	-0.2174460628701684	0.15649	0.804571	-1.38952	0.164674	496	ADD	Y	A	.	0	8.500246188160783e-12
20:42559319:G:T	20	42559319	T	G	9999999	G	T	0.342424	0.0954919814592207	0.132973	1.1002	0.718101	0.472695	495	ADD	Y	G	.	0	4.253487933042024e-12
20:42560905:C:T	20	42560905	T	C	9999999	C	T	0.10202	0.5062029556805463	0.216035	1.65898	2.34316	0.019121	495	ADD	Y	C	.	0	4.7670484906926385e-11
20:42564336:T:C	20	42564336	T	C	9999999	T	C	0.49798	0.2907049988024795	0.126517	1.33737	2.29776	0.0215756	495	ADD	Y	C	.	0	4.307511078659189e-11
20:42565968:C:T	20	42565968	T	C	9999999	C	T	0.118902	0.0467881614987589	0.188889	1.0479	0.247692	0.804372	492	ADD	Y	C	.	0	3.4027659855286167e-12
20:42566370:C:T	20	42566370	T	C	9999999	C	T	0.055668	-0.4299893848678069	0.292778	0.650516	-1.46865	0.141926	494	ADD	Y	C	.	0	9.49143922604161e-12
20:42567815:C:T	20	42567815	T	C	9999999	C	T	0.374745	-0.3272271048575326	0.132156	0.72092	-2.47607	0.0132837	491	ADD	Y	C	.	0	6.484284101058623e-11
20:42568164:C:T	20	42568164	T	C	9999999	C	T	0.256073	-0.2591529263378073	0.145839	0.771705	-1.77698	0.075572	494	ADD	Y	C	.	0	1.544340921906984e-11
20:42569222:G:C	20	42569222	C	G	9999999	G	C	0.0564516	-0.3777307847504633	0.289879	0.685415	-1.30306	0.192554	496	ADD	Y	G	.	0	7.587238324478632e-12
20:42573249:T:C	20	42573249	C	T	9999999	T	C	0.0141129	1.7104282929463464	0.698987	5.53133	2.44701	0.0144047	496	ADD	Y	T	.	0	6.054147078415929e-11
20:42573822:C:A	20	42573822	A	C	9999999	C	A	0.231855	-0.0662167285401997	0.149398	0.935928	-0.443225	0.657603	496	ADD	Y	C	.	0	3.6363478601350792e-12
20:42574794:C:T	20	42574794	T	C	9999999	C	T	0.0172414	0.247711278057888	0.490739	1.28109	0.504776	0.613716	493	ADD	Y	C	.	0	3.74208812228671e-12
20:42575630:C:G	20	42575630	G	C	9999999	C	G	0.258065	-0.2560102937621058	0.145641	0.774134	-1.75782	0.0787785	496	ADD	Y	C	.	0	1.4943784474751804e-11
20:42576998:G:T	20	42576998	T	G	9999999	G	T	0.258065	-0.2545400535925797	0.145631	0.775273	-1.74784	0.0804913	496	ADD	Y	G	.	0	1.4692153981863305e-11
20:42579188:C:T	20	42579188	T	C	9999999	C	T	0.464646	0.2590356538616591	0.128086	1.29568	2.02237	0.0431381	495	ADD	Y	C	.	0	2.4262074411920843e-11
20:42580715:A:T	20	42580715	A	T	9999999	A	T	0.257576	-0.1346520202932256	0.151005	0.87402	-0.8917	0.372554	495	ADD	Y	T	.	0	4.878179819278132e-12
20:42580790:C:G	20	42580790	G	C	9999999	C	G	0.149087	-0.3444161057656495	0.179909	0.708634	-1.91439	0.0555707	493	ADD	Y	C	.	0	1.9750395862255486e-11
20:42581981:G:T	20	42581981	T	G	9999999	G	T	0.0455466	0.1896943111233676	0.297959	1.20888	0.636645	0.524356	494	ADD	Y	G	.	0	4.0291631957345854e-12
20:42588681:C:T	20	42588681	T	C	9999999	C	T	0.0131313	0.0264082132763014	0.546759	1.02676	0.0482909	0.961484	495	ADD	Y	C	.	0	3.3054407231769332e-12
20:42598571:C:G	20	42598571	G	C	9999999	C	G	0.077621	0.0532942910577176	0.234929	1.05474	0.22686	0.820533	496	ADD	Y	C	.	0	3.3862553922178274e-12
20:42602532:G:T	20	42602532	T	G	9999999	G	T	0.0425101	0.3466983427405017	0.327122	1.41439	1.05985	0.289212	494	ADD	Y	G	.	0	5.7287135766258225e-12
20:42606220:G:T	20	42606220	T	G	9999999	G	T	0.331313	0.1576958169675499	0.133331	1.17081	1.18272	0.23692	495	ADD	Y	G	.	0	6.555578741838239e-12
20:42606760:T:C	20	42606760	C	T	9999999	T	C	0.0914634	0.0912200082636616	0.227906	1.09551	0.400249	0.688973	492	ADD	Y	T	.	0	3.572160687030912e-12
20:42613122:C:T	20	42613122	T	C	9999999	C	T	0.0394737	0.1681719211895125	0.332059	1.18314	0.506441	0.612547	494	ADD	Y	C	.	0	3.745212108444889e-12
20:42622584:G:A	20	42622584	A	G	9999999	G	A	0.123232	-0.0029082247891742	0.184637	0.997096	-0.0157486	0.987435	495	ADD	Y	G	.	0	3.302054071559817e-12
20:42623967:G:A	20	42623967	A	G	9999999	G	A	0.116935	0.2063147378472361	0.202987	1.22914	1.01638	0.309451	496	ADD	Y	G	.	0	5.4812093727649744e-12
20:42627137:T:C	20	42627137	T	C	9999999	T	C	0.316162	-0.1011637787348491	0.137436	0.903785	-0.736082	0.461681	495	ADD	Y	C	.	0	4.3083112023289974e-12
20:42627220:A:G	20	42627220	A	G	9999999	A	G	0.340081	-0.0687896778464632	0.13414	0.933523	-0.512817	0.608079	494	ADD	Y	G	.	0	3.7571718492396006e-12
20:42627364:T:C	20	42627364	C	T	9999999	T	C	0.134615	0.0133504843681378	0.204383	1.01344	0.0653395	0.947904	494	ADD	Y	T	.	0	3.30858552126177e-12
20:42629737:C:T	20	42629737	C	T	9999999	C	T	0.325253	-0.0384591632060675	0.134945	0.962271	-0.284998	0.775646	495	ADD	Y	T	.	0	3.4361621574893355e-12
20:42630358:C:G	20	42630358	C	G	9999999	C	G	0.314516	-0.1152750582625124	0.136618	0.891121	-0.843779	0.398793	496	ADD	Y	G	.	0	4.683268807031897e-12
20:42638301:C:T	20	42638301	T	C	9999999	C	T	0.0324544	0.0355408739190919	0.350269	1.03618	0.10147	0.919177	493	ADD	Y	C	.	0	3.318407893648433e-12
20:42647391:G:C	20	42647391	G	C	9999999	G	C	0.309331	-0.0398329005017233	0.136872	0.96095	-0.291022	0.771034	493	ADD	Y	C	.	0	3.4420282361779015e-12
20:42650291:A:C	20	42650291	A	C	9999999	A	C	0.184476	0.1148899658739557	0.163614	1.12175	0.702211	0.482548	496	ADD	Y	C	.	0	4.206526129595911e-12
20:42651280:G:C	20	42651280	G	C	9999999	G	C	0.222782	0.0802611453527508	0.150832	1.08357	0.532118	0.594644	496	ADD	Y	C	.	0	3.794579130020976e-12
20:42657151:C:T	20	42657151	T	C	9999999	C	T	0.016129	1.3842297312376737	0.609423	3.99175	2.27138	0.0231241	496	ADD	Y	C	.	0	4.064687649431576e-11
20:42657548:T:C	20	42657548	T	C	9999999	T	C	0.212982	0.0930348659671893	0.153374	1.0975	0.606565	0.54414	493	ADD	Y	C	.	0	3.955919293693518e-12
20:42658586:T:G	20	42658586	T	G	9999999	T	G	0.21501	0.0700203434567971	0.153178	1.07253	0.457113	0.64759	493	ADD	Y	G	.	0	3.658765186655237e-12
20:42661504:T:C	20	42661504	T	C	9999999	T	C	0.2	0.0925700654812616	0.153286	1.09699	0.603906	0.545906	495	ADD	Y	C	.	0	3.94961390096626e-12
20:42671727:C:T	20	42671727	T	C	9999999	C	T	0.0121212	-0.0162767505116768	0.568111	0.983855	-0.0286504	0.977143	495	ADD	Y	C	.	0	3.3029841773112966e-12
20:42672238:G:C	20	42672238	G	C	9999999	G	C	0.206061	-0.1040047684318926	0.151915	0.901221	-0.68462	0.493584	495	ADD	Y	C	.	0	4.1565056521461855e-12
20:42676030:A:G	20	42676030	A	G	9999999	A	G	0.215447	-0.0786039099063078	0.149816	0.924406	-0.52467	0.599813	492	ADD	Y	G	.	0	3.779927989359513e-12
20:42676815:A:C	20	42676815	A	C	9999999	A	C	0.211694	-0.0862215072007384	0.149656	0.917391	-0.576133	0.564525	496	ADD	Y	C	.	0	3.886564806548165e-12
20:42679191:A:G	20	42679191	A	G	9999999	A	G	0.221774	-0.0921076134986651	0.148387	0.912007	-0.620728	0.534779	496	ADD	Y	G	.	0	3.989762397281929e-12
20:42680811:G:C	20	42680811	G	C	9999999	G	C	0.160931	-0.6119322371463484	0.184495	0.542302	-3.3168	0.000910559	494	ADD	Y	C	.	0	6.555768226603564e-10
20:42682081:C:T	20	42682081	C	T	9999999	C	T	0.370707	-0.3201818484535292	0.135489	0.726017	-2.36315	0.0181204	495	ADD	Y	T	.	0	4.987811444329007e-11
20:42683393:C:T	20	42683393	T	C	9999999	C	T	0.122222	0.3521979370826953	0.193051	1.42219	1.82437	0.0680955	495	ADD	Y	C	.	0	1.6777200670517792e-11
20:42685693:C:T	20	42685693	T	C	9999999	C	T	0.0272177	-0.091699805057737	0.393933	0.912379	-0.23278	0.815932	496	ADD	Y	C	.	0	3.3907938491202015e-12
20:42689755:T:A	20	42689755	A	T	9999999	T	A	0.0355691	-0.0835685829393392	0.343292	0.919828	-0.243433	0.80767	492	ADD	Y	T	.	0	3.3992606115997288e-12
20:42693650:A:G	20	42693650	A	G	9999999	A	G	0.204453	-0.7816789855419144	0.175117	0.457637	-4.46377	8.05315e-06	494	ADD	Y	G	.	0	4.055909301404441e-08
20:42697611:C:T	20	42697611	T	C	9999999	C	T	0.016129	0.0018582723419642	0.499804	1.00186	0.0037254	0.997028	496	ADD	Y	C	.	0	3.30167371528755e-12
20:42698632:C:G	20	42698632	G	C	9999999	C	G	0.0436992	-0.3641398802310577	0.320757	0.694794	-1.13525	0.256269	492	ADD	Y	C	.	0	6.2120126652433795e-12
20:42700324:T:C	20	42700324	T	C	9999999	T	C	0.342159	-0.3307621701245756	0.138739	0.718376	-2.38406	0.017123	491	ADD	Y	C	.	0	5.231467479067942e-11
20:42703143:T:C	20	42703143	T	C	9999999	T	C	0.230303	-0.6813095229180625	0.163287	0.505954	-4.17247	3.01318e-05	495	ADD	Y	C	.	0	1.2865816672146794e-08
20:42703387:G:A	20	42703387	A	G	9999999	G	A	0.140404	0.2886915627449546	0.184493	1.33468	1.56476	0.117638	495	ADD	Y	G	.	0	1.0940188261086973e-11
20:42703713:G:C	20	42703713	C	G	9999999	G	C	0.140121	0.2990299411453427	0.184602	1.34855	1.61988	0.105258	496	ADD	Y	G	.	0	1.1915160991068197e-11
20:42703762:C:A	20	42703762	C	A	9999999	C	A	0.368687	-0.2970336625859524	0.13299	0.743019	-2.23351	0.0255152	495	ADD	Y	A	.	0	3.7439686989750524e-11
20:42703957:A:G	20	42703957	A	G	9999999	A	G	0.240891	-0.7301659996621667	0.160632	0.481829	-4.54559	5.47826e-06	494	ADD	Y	G	.	0	5.666264267367905e-08
20:42705185:G:C	20	42705185	C	G	9999999	G	C	0.0273279	0.0746435429957657	0.393875	1.0775	0.18952	0.849685	494	ADD	Y	G	.	0	3.360470459752504e-12
20:42705567:G:A	20	42705567	A	G	9999999	G	A	0.210526	0.1827547962655137	0.155875	1.20052	1.17246	0.241013	494	ADD	Y	G	.	0	6.478320038253811e-12
20:42705877:T:C	20	42705877	T	C	9999999	T	C	0.416331	-0.3510664154648051	0.130275	0.703937	-2.69481	0.0070428	496	ADD	Y	C	.	0	1.1141982219010105e-10
20:42706182:C:G	20	42706182	G	C	9999999	C	G	0.0223124	0.3991787234654563	0.414306	1.4906	0.963489	0.335302	493	ADD	Y	C	.	0	5.207107601516285e-12
20:42707858:T:A	20	42707858	A	T	9999999	T	A	0.0232794	0.29237852682495	0.404519	1.33961	0.722772	0.46982	494	ADD	Y	T	.	0	4.2674952229273465e-12
20:42709321:C:A	20	42709321	A	C	9999999	C	A	0.0191532	0.1992032556624705	0.459737	1.22043	0.433303	0.664795	496	ADD	Y	C	.	0	3.6208375724740505e-12
20:42714382:C:T	20	42714382	C	T	9999999	C	T	0.325911	-0.6985014893218705	0.143691	0.49733	-4.86115	1.16707e-06	494	ADD	Y	T	.	0	2.156503769403195e-07
20:42714397:A:G	20	42714397	G	A	9999999	A	G	0.207661	0.2308418432798391	0.155786	1.25966	1.48178	0.138398	496	ADD	Y	A	.	0	9.672418185022115e-12
20:42715255:C:T	20	42715255	T	C	9999999	C	T	0.464718	0.5024466177351036	0.132763	1.65276	3.78454	0.000153992	496	ADD	Y	C	.	0	3.096024710721246e-09
20:42716399:G:A	20	42716399	A	G	9999999	G	A	0.118421	0.4070904531856048	0.198344	1.50244	2.05243	0.040128	494	ADD	Y	G	.	0	2.5743898319031068e-11
20:42716548:G:C	20	42716548	C	G	9999999	G	C	0.0283401	-1.215815992169777	0.447747	0.296468	-2.71541	0.00661944	494	ADD	Y	G	.	0	1.175081374080368e-10
20:42718336:T:G	20	42718336	G	T	9999999	T	G	0.329637	0.2994451157841364	0.135006	1.34911	2.21801	0.0265539	496	ADD	Y	T	.	0	3.621587587988809e-11
20:42725882:A:T	20	42725882	T	A	9999999	A	T	0.349593	0.3328585723370716	0.134125	1.39495	2.4817	0.0130759	492	ADD	Y	A	.	0	6.571794176009634e-11
20:42726205:C:T	20	42726205	T	C	9999999	C	T	0.467347	0.5007752879124892	0.132836	1.65	3.76986	0.000163342	490	ADD	Y	C	.	0	2.9408037830548097e-09
20:42727198:C:A	20	42727198	C	A	9999999	C	A	0.48073	-0.3784853569168673	0.130013	0.684898	-2.91114	0.00360118	493	ADD	Y	A	.	0	1.9853849173272127e-10
20:42728930:C:A	20	42728930	C	A	9999999	C	A	0.478788	-0.410956156357449	0.129927	0.663016	-3.16298	0.00156161	495	ADD	Y	A	.	0	4.0980979552451344e-10
20:42732000:A:T	20	42732000	A	T	9999999	A	T	0.418182	-0.4515022403500113	0.134646	0.636671	-3.35325	0.000798694	495	ADD	Y	T	.	0	7.349929779429627e-10
20:42732134:T:C	20	42732134	T	C	9999999	T	C	0.48167	-0.4050896785906459	0.130057	0.666917	-3.11471	0.00184127	491	ADD	Y	C	.	0	3.5513209346656934e-10
20:42732460:C:T	20	42732460	T	C	9999999	C	T	0.11687	0.4225254165914323	0.1998	1.52581	2.11476	0.0344505	492	ADD	Y	C	.	0	2.9184005906944206e-11
20:42735098:C:T	20	42735098	T	C	9999999	C	T	0.478745	0.5283550811326925	0.132612	1.69614	3.98421	6.77049e-05	494	ADD	Y	C	.	0	6.34807315496669e-09
20:42735907:C:T	20	42735907	T	C	9999999	C	T	0.0303644	-0.3004093888960557	0.384445	0.740515	-0.781409	0.434562	494	ADD	Y	C	.	0	4.456179620793663e-12
20:42737391:G:C	20	42737391	G	C	9999999	G	C	0.492915	-0.4878808792708932	0.131582	0.613926	-3.7078	0.000209065	494	ADD	Y	C	.	0	2.370034642630862e-09
20:42738513:C:T	20	42738513	T	C	9999999	C	T	0.469758	0.5298632526431284	0.132052	1.6987	4.01252	6.0075e-05	496	ADD	Y	C	.	0	7.046979810488979e-09
20:42738911:G:T	20	42738911	T	G	9999999	G	T	0.0111111	0.4987125558821886	0.498245	1.6466	1.00093	0.316859	495	ADD	Y	G	.	0	5.3981590226808715e-12
20:42739212:G:A	20	42739212	A	G	9999999	G	A	0.0302419	-0.3025886251064553	0.384456	0.738903	-0.787056	0.431249	496	ADD	Y	G	.	0	4.475577292508356e-12
20:42740699:C:T	20	42740699	T	C	9999999	C	T	0.477823	0.5232066614226859	0.13277	1.68743	3.9407	8.12429e-05	496	ADD	Y	C	.	0	5.413505189079182e-09
20:42741299:G:A	20	42741299	A	G	9999999	G	A	0.0691057	0.2154258462961483	0.258425	1.24039	0.833616	0.404498	492	ADD	Y	G	.	0	4.644276363086723e-12
20:42742509:T:G	20	42742509	G	T	9999999	T	G	0.0676768	0.1869856629208314	0.259424	1.20561	0.720786	0.471041	495	ADD	Y	T	.	0	4.2614290421419225e-12
20:42748383:G:A	20	42748383	G	A	9999999	G	A	0.231161	-1.062244680211521	0.173307	0.345679	-6.12925	8.82922e-10	491	ADD	Y	A	.	0	9.37920393763383e-05
20:42750346:A:G	20	42750346	A	G	9999999	A	G	0.352227	-0.694860647706688	0.137736	0.499144	-5.04486	4.53849e-07	494	ADD	Y	G	.	0	4.857090564387038e-07
20:42750661:A:C	20	42750661	C	A	9999999	A	C	0.0110887	0.4861906595139217	0.497159	1.62611	0.977939	0.328104	496	ADD	Y	A	.	0	5.279157117203804e-12
20:42751035:T:C	20	42751035	T	C	9999999	T	C	0.234818	-1.0955370221511818	0.172681	0.33436	-6.34428	2.23472e-10	494	ADD	Y	C	.	0	0.00029109618805738116
20:42752275:T:C	20	42752275	C	T	9999999	T	C	0.114919	0.1901987831544767	0.201826	1.20949	0.942392	0.345992	496	ADD	Y	T	.	0	5.105537103960073e-12
20:42753340:G:A	20	42753340	A	G	9999999	G	A	0.0110887	-0.6637592667053973	0.646816	0.514912	-1.0262	0.304799	496	ADD	Y	G	.	0	5.535201650311459e-12
20:42755640:G:C	20	42755640	C	G	9999999	G	C	0.0223124	-1.3487327157665006	0.521195	0.259569	-2.58777	0.00965994	493	ADD	Y	G	.	0	8.502876513579042e-11
20:42757171:T:C	20	42757171	C	T	9999999	T	C	0.0171717	0.570578336168098	0.474112	1.76929	1.20347	0.228794	495	ADD	Y	T	.	0	6.7160294273130895e-12
20:42758834:T:C	20	42758834	T	C	9999999	T	C	0.227273	-1.4320074643009817	0.184323	0.238829	-7.76902	7.90978e-15	495	ADD	Y	C	.	1	0.9989366463099391
20:42758962:T:C	20	42758962	T	C	9999999	T	C	0.330303	-0.8600380058233797	0.145398	0.423146	-5.91505	3.31768e-09	495	ADD	Y	C	.	0	3.12096429801243e-05
20:42761882:C:T	20	42761882	T	C	9999999	C	T	0.0273834	0.3821760101302112	0.382827	1.46547	0.998303	0.318132	493	ADD	Y	C	.	0	5.384230040844722e-12
20:42762261:G:A	20	42762261	A	G	9999999	G	A	0.0121951	-0.7629410870755218	0.598451	0.466293	-1.27486	0.202359	492	ADD	Y	G	.	0	7.322535953051171e-12
20:42762867:T:C	20	42762867	C	T	9999999	T	C	0.180808	-0.0174717459120398	0.15736	0.98268	-0.111028	0.911594	495	ADD	Y	T	.	0	3.3217252272247082e-12
20:42762869:T:C	20	42762869	C	T	9999999	T	C	0.180894	-0.0088016208731767	0.157675	0.991237	-0.0558195	0.955486	492	ADD	Y	T	.	0	3.3067138614535393e-12
20:42766030:C:T	20	42766030	T	C	9999999	C	T	0.193939	0.3595537960645342	0.162789	1.43269	2.20871	0.0271945	495	ADD	Y	C	.	0	3.550401518358948e-11
20:42768065:A:T	20	42768065	A	T	9999999	A	T	0.159274	-1.066564353879229	0.195186	0.344189	-5.46435	4.64613e-08	496	ADD	Y	T	.	0	3.390448144003894e-06
20:42769309:A:G	20	42769309	A	G	9999999	A	G	0.223684	-1.1453140351007578	0.176426	0.318124	-6.49176	8.48375e-11	494	ADD	Y	G	.	0	0.0006430134246529654
20:42777237:C:T	20	42777237	T	C	9999999	C	T	0.187247	0.3159123226558517	0.163817	1.37151	1.92843	0.0538012	494	ADD	Y	C	.	0	2.027399402812139e-11
20:42784016:T:G	20	42784016	G	T	9999999	T	G	0.332323	0.4022399127524697	0.134371	1.49517	2.99349	0.00275805	495	ADD	Y	T	.	0	2.501031639824811e-10
20:42787290:T:C	20	42787290	C	T	9999999	T	C	0.0212551	0.5254856387047396	0.429733	1.69128	1.22282	0.221398	494	ADD	Y	T	.	0	6.871941496378493e-12
20:42790894:A:T	20	42790894	T	A	9999999	A	T	0.0201613	0.0702440883885094	0.448203	1.07277	0.156716	0.875468	496	ADD	Y	A	.	0	3.3417671666036367e-12
20:42792129:A:G	20	42792129	A	G	9999999	A	G	0.346465	-0.5281735662675124	0.134893	0.589681	-3.91551	9.02141e-05	495	ADD	Y	G	.	0	4.940084410065896e-09
20:42792826:G:A	20	42792826	A	G	9999999	G	A	0.325911	0.4059449929450151	0.135098	1.50072	3.00483	0.00265728	494	ADD	Y	G	.	0	2.5828471192852895e-10
20:42794136:C:A	20	42794136	A	C	9999999	C	A	0.364919	-0.4769492946306172	0.132292	0.620674	-3.60527	0.00031183	496	ADD	Y	C	.	0	1.671064506751271e-09
20:42794270:C:T	20	42794270	C	T	9999999	C	T	0.330629	0.0374980764200843	0.137432	1.03821	0.272863	0.784958	493	ADD	Y	T	.	0	3.424732402456814e-12
20:42795321:G:A	20	42795321	G	A	9999999	G	A	0.185484	-0.3577755493827654	0.160971	0.69923	-2.2226	0.0262425	496	ADD	Y	A	.	0	3.657384835656146e-11
20:42801281:T:C	20	42801281	C	T	9999999	T	C	0.0111562	0.5128835048754347	0.606493	1.6701	0.845658	0.397743	493	ADD	Y	T	.	0	4.69055941768055e-12
20:42801759:T:A	20	42801759	A	T	9999999	T	A	0.108871	0.2416512228699494	0.201463	1.27335	1.19949	0.230336	496	ADD	Y	T	.	0	6.684661166682236e-12
20:42802178:T:C	20	42802178	T	C	9999999	T	C	0.492929	0.0044401280260213	0.127241	1.00445	0.0349114	0.97215	495	ADD	Y	C	.	0	3.3036287379735623e-12
20:42803955:A:G	20	42803955	G	A	9999999	A	G	0.0141988	0.3773742279416387	0.53989	1.45845	0.698984	0.484562	493	ADD	Y	A	.	0	4.197229215499497e-12
20:42804988:G:A	20	42804988	A	G	9999999	G	A	0.332661	0.2403939047207373	0.136076	1.27175	1.76659	0.0772961	496	ADD	Y	G	.	0	1.517047396384933e-11
20:42812098:C:G	20	42812098	G	C	9999999	C	G	0.0182186	-0.1911496096367414	0.474167	0.826009	-0.403127	0.686855	494	ADD	Y	C	.	0	3.57621647342728e-12
20:42813187:C:T	20	42813187	T	C	9999999	C	T	0.334008	0.2590510896526281	0.135284	1.2957	1.91486	0.0555105	494	ADD	Y	C	.	0	1.9767917644759648e-11
20:42813348:A:T	20	42813348	T	A	9999999	A	T	0.047379	0.0235993322503243	0.297695	1.02388	0.0792823	0.936808	496	ADD	Y	A	.	0	3.311869250605797e-12
20:42814890:G:A	20	42814890	A	G	9999999	G	A	0.0101215	0.0777755241695666	0.612594	1.08088	0.126964	0.898969	494	ADD	Y	G	.	0	3.3279231647498978e-12
20:42823424:C:T	20	42823424	T	C	9999999	C	T	0.415152	0.1945300621234587	0.131039	1.21474	1.48451	0.137673	495	ADD	Y	C	.	0	9.710697513233604e-12
20:42826350:A:C	20	42826350	C	A	9999999	A	C	0.421212	0.1720186637980575	0.130915	1.1877	1.31396	0.18886	495	ADD	Y	A	.	0	7.693746646993327e-12
20:42829021:T:C	20	42829021	C	T	9999999	T	C	0.419878	0.1539049353488429	0.131194	1.16638	1.17312	0.240747	493	ADD	Y	T	.	0	6.483262903830023e-12
20:42829175:T:C	20	42829175	C	T	9999999	T	C	0.481744	0.1747513079637863	0.128279	1.19095	1.3623	0.173104	493	ADD	Y	T	.	0	8.194898706896375e-12
20:42834959:T:C	20	42834959	C	T	9999999	T	C	0.0575758	-0.0607335027437479	0.265052	0.941074	-0.22914	0.81876	495	ADD	Y	T	.	0	3.3879906031869693e-12
20:42837441:T:C	20	42837441	C	T	9999999	T	C	0.323589	0.2784344446449854	0.142043	1.32106	1.96022	0.0499695	496	ADD	Y	T	.	0	2.1523724107078286e-11
20:42839461:G:A	20	42839461	A	G	9999999	G	A	0.36714	0.2073962102185704	0.134119	1.23047	1.54637	0.122015	493	ADD	Y	G	.	0	1.063907916274924e-11
20:42841629:G:A	20	42841629	A	G	9999999	G	A	0.325253	-0.127715196674624	0.135687	0.880104	-0.941247	0.346578	495	ADD	Y	G	.	0	5.100162311100451e-12
20:42849973:G:C	20	42849973	C	G	9999999	G	C	0.0545455	-0.1391586244080494	0.277096	0.87009	-0.502202	0.615525	495	ADD	Y	G	.	0	3.7373373437891935e-12
20:42849995:A:G	20	42849995	G	A	9999999	A	G	0.0545455	-0.1389965853355927	0.277093	0.870231	-0.501625	0.615931	495	ADD	Y	A	.	0	3.73626985329428e-12
20:42850827:C:T	20	42850827	T	C	9999999	C	T	0.11996	0.1302121399954037	0.190099	1.13907	0.684956	0.493372	496	ADD	Y	C	.	0	4.157470764194457e-12
20:42851425:T:C	20	42851425	C	T	9999999	T	C	0.0546559	-0.118833086767136	0.276855	0.887956	-0.429224	0.66776	494	ADD	Y	T	.	0	3.6145925492091387e-12
20:42852509:C:T	20	42852509	T	C	9999999	C	T	0.314141	-0.1627930847219431	0.138766	0.849767	-1.17315	0.240737	495	ADD	Y	C	.	0	6.483550414545037e-12
20:42854830:G:A	20	42854830	A	G	9999999	G	A	0.0525253	-0.152028267072837	0.281302	0.858964	-0.540443	0.588891	495	ADD	Y	G	.	0	3.811251015002887e-12
20:42856269:T:C	20	42856269	C	T	9999999	T	C	0.0131313	-0.071467001051479	0.55351	0.931027	-0.129117	0.897265	495	ADD	Y	T	.	0	3.3288262769551487e-12
20:42856671:T:C	20	42856671	C	T	9999999	T	C	0.155242	0.0577027101282891	0.173503	1.0594	0.332551	0.739473	496	ADD	Y	T	.	0	3.4861462285701776e-12
20:42859244:T:C	20	42859244	C	T	9999999	T	C	0.0252525	-0.3936857578618994	0.41586	0.674566	-0.946678	0.343803	495	ADD	Y	T	.	0	5.125842638917182e-12
20:42860041:G:C	20	42860041	C	G	9999999	G	C	0.290323	-0.0787315675934753	0.139451	0.924288	-0.564584	0.572357	496	ADD	Y	G	.	0	3.8615025320114526e-12
20:42864294:C:T	20	42864294	T	C	9999999	C	T	0.0507099	-0.1516336834552752	0.292022	0.859303	-0.519253	0.603584	493	ADD	Y	C	.	0	3.76944689256885e-12
20:42864855:T:G	20	42864855	G	T	9999999	T	G	0.155488	0.0792639429765497	0.172668	1.08249	0.459057	0.646194	492	ADD	Y	T	.	0	3.6619557684666e-12
20:42867343:C:G	20	42867343	G	C	9999999	C	G	0.290909	-0.0739199898235073	0.139549	0.928746	-0.529709	0.596314	495	ADD	Y	C	.	0	3.789800121173949e-12
20:42868146:C:T	20	42868146	T	C	9999999	C	T	0.104462	-0.0513217158440679	0.199807	0.949973	-0.256855	0.797291	493	ADD	Y	C	.	0	3.410501219899514e-12
20:42869564:T:A	20	42869564	T	A	9999999	T	A	0.448485	-0.0989941573242103	0.126269	0.905748	-0.783997	0.433042	495	ADD	Y	A	.	0	4.465028167768958e-12
20:42872326:T:C	20	42872326	C	T	9999999	T	C	0.0322581	0.4785172850109402	0.360422	1.61368	1.32765	0.184292	496	ADD	Y	T	.	0	7.830762082998242e-12
20:42874509:C:A	20	42874509	A	C	9999999	C	A	0.446573	-0.1166180894697604	0.126448	0.889925	-0.922262	0.356392	496	ADD	Y	C	.	0	5.0125024258222895e-12
20:42877398:G:A	20	42877398	A	G	9999999	G	A	0.122984	0.1274605020026894	0.188969	1.13594	0.674483	0.500004	496	ADD	Y	G	.	0	4.128541718685773e-12
20:42878070:G:A	20	42878070	A	G	9999999	G	A	0.105263	-0.108297045265831	0.19782	0.897361	-0.54745	0.58407	494	ADD	Y	G	.	0	3.825547101021714e-12
20:42879351:G:A	20	42879351	A	G	9999999	G	A	0.29251	-0.0787705172510478	0.13906	0.924252	-0.566447	0.57109	494	ADD	Y	G	.	0	3.865510053551806e-12
20:42882209:T:C	20	42882209	C	T	9999999	T	C	0.343117	-0.0909701115404489	0.133387	0.913045	-0.682005	0.495236	494	ADD	Y	T	.	0	4.149198451099271e-12
20:42885078:G:A	20	42885078	A	G	9999999	G	A	0.291919	-0.0752743444091502	0.138932	0.927489	-0.541809	0.58795	495	ADD	Y	G	.	0	3.814011271143968e-12
20:42889375:T:G	20	42889375	G	T	9999999	T	G	0.473684	-0.0081511303854716	0.126788	0.991882	-0.0642884	0.948741	494	ADD	Y	T	.	0	3.3083680371274125e-12
20:42892769:C:A	20	42892769	A	C	9999999	C	A	0.474798	-0.0143717810741206	0.126524	0.985731	-0.113592	0.909561	496	ADD	Y	C	.	0	3.32266413931137e-12
20:42893871:A:G	20	42893871	G	A	9999999	A	G	0.475758	-0.0028931812154627	0.127239	0.997111	-0.0227384	0.981859	495	ADD	Y	A	.	0	3.302490749597068e-12
20:42894188:T:C	20	42894188	C	T	9999999	T	C	0.0961538	-0.1463677125121601	0.213918	0.86384	-0.684226	0.493832	494	ADD	Y	T	.	0	4.1553852512502466e-12
20:42895906:C:A	20	42895906	A	C	9999999	C	A	0.292683	-0.0587855015353779	0.139182	0.942909	-0.422364	0.67276	492	ADD	Y	C	.	0	3.6042308908956786e-12
20:42896542:T:A	20	42896542	A	T	9999999	T	A	0.0515152	-0.1131463019398606	0.289088	0.89302	-0.391393	0.695507	495	ADD	Y	T	.	0	3.5598667349760825e-12
20:42896693:G:T	20	42896693	T	G	9999999	G	T	0.424089	-0.0029232685891983	0.128583	0.997081	-0.0227334	0.981863	494	ADD	Y	G	.	0	3.3024904781272135e-12
20:42900414:G:T	20	42900414	T	G	9999999	G	T	0.129293	0.1514842709737863	0.18324	1.16356	0.826702	0.408406	495	ADD	Y	G	.	0	4.6182157103915486e-12
20:42904948:C:T	20	42904948	T	C	9999999	C	T	0.289899	-0.1089023360607612	0.140293	0.896818	-0.776251	0.437601	495	ADD	Y	C	.	0	4.4386415381661375e-12
20:42907542:A:G	20	42907542	G	A	9999999	A	G	0.473631	-0.0114078224782541	0.126795	0.988657	-0.0899677	0.928313	493	ADD	Y	A	.	0	3.314818722605715e-12
20:42917094:T:G	20	42917094	G	T	9999999	T	G	0.132056	0.1209247619286312	0.180453	1.12854	0.670103	0.502792	496	ADD	Y	T	.	0	4.1166058058507e-12
20:42918757:G:A	20	42918757	A	G	9999999	G	A	0.437247	-0.1333291273672333	0.127724	0.875177	-1.04388	0.296539	494	ADD	Y	G	.	0	5.635331773625956e-12
20:42918989:A:G	20	42918989	G	A	9999999	A	G	0.0927419	-0.0457392728748075	0.208628	0.955291	-0.21924	0.826463	496	ADD	Y	A	.	0	3.3806055438602454e-12
20:42920266:G:T	20	42920266	T	G	9999999	G	T	0.434959	-0.1379801307447535	0.12838	0.871116	-1.07478	0.282474	492	ADD	Y	G	.	0	5.818803245844809e-12
20:42926102:T:C	20	42926102	C	T	9999999	T	C	0.434211	-0.1083884284959574	0.128063	0.897279	-0.846364	0.39735	494	ADD	Y	T	.	0	4.693336879205563e-12
20:42926163:G:C	20	42926163	C	G	9999999	G	C	0.435484	-0.1162552033867284	0.127254	0.890248	-0.91357	0.360943	496	ADD	Y	G	.	0	4.973455322863964e-12
20:42929249:G:C	20	42929249	C	G	9999999	G	C	0.437247	-0.1053005174577542	0.12759	0.900054	-0.825302	0.4092	494	ADD	Y	G	.	0	4.6130004130733715e-12
20:42933720:A:C	20	42933720	C	A	9999999	A	C	0.474645	-0.0057323988484024	0.127489	0.994284	-0.0449647	0.964135	493	ADD	Y	A	.	0	3.3049351317691746e-12
20:42937392:C:A	20	42937392	A	C	9999999	C	A	0.430444	-0.0934879410902236	0.128267	0.910749	-0.728859	0.466088	496	ADD	Y	C	.	0	4.285996040294023e-12
20:42937815:A:G	20	42937815	G	A	9999999	A	G	0.089899	0.0080971295874547	0.210445	1.00813	0.0384564	0.969324	495	ADD	Y	A	.	0	3.304055551288672e-12
20:42944024:C:T	20	42944024	T	C	9999999	C	T	0.29596	-0.0714057802112415	0.138435	0.931084	-0.515806	0.60599	495	ADD	Y	C	.	0	3.7628468222173536e-12
20:42958042:T:C	20	42958042	C	T	9999999	T	C	0.016129	-0.4626912301226126	0.509197	0.629587	-0.908668	0.363525	496	ADD	Y	T	.	0	4.9517415746112875e-12
20:42962782:G:A	20	42962782	A	G	9999999	G	A	0.34375	-0.0673745388367801	0.133193	0.934845	-0.505845	0.612965	496	ADD	Y	G	.	0	3.744075384528845e-12
20:42965393:G:C	20	42965393	C	G	9999999	G	C	0.321501	-0.084486567006519	0.136082	0.918984	-0.620856	0.534695	493	ADD	Y	G	.	0	3.990065901947618e-12
20:42972623:C:T	20	42972623	C	T	9999999	C	T	0.225806	-0.0597446965642343	0.150311	0.942005	-0.397476	0.691016	496	ADD	Y	T	.	0	3.568271570135106e-12
20:42977228:C:T	20	42977228	T	C	9999999	C	T	0.0110887	0.5123025325990216	0.605887	1.66913	0.845545	0.397807	496	ADD	Y	C	.	0	4.690119690334899e-12
20:42981622:A:G	20	42981622	G	A	9999999	A	G	0.0121457	-0.1503079060823608	0.574107	0.860443	-0.261811	0.793468	494	ADD	Y	A	.	0	3.4148128104824912e-12
20:42982277:G:A	20	42982277	A	G	9999999	G	A	0.0383838	-0.1744950638471145	0.339092	0.839881	-0.514594	0.606837	495	ADD	Y	G	.	0	3.760538917740127e-12
20:42982491:A:G	20	42982491	G	A	9999999	A	G	0.418699	-0.1687583542877939	0.131658	0.844713	-1.2818	0.199912	492	ADD	Y	A	.	0	7.386216746568603e-12
20:42982770:T:A	20	42982770	A	T	9999999	T	A	0.0959596	-0.107588551442756	0.214055	0.897997	-0.502622	0.61523	495	ADD	Y	T	.	0	3.738107398945105e-12
20:42991504:C:T	20	42991504	C	T	9999999	C	T	0.449495	0.0069954745123864	0.130128	1.00702	0.0537347	0.957147	495	ADD	Y	T	.	0	3.306346341087076e-12
20:42993358:C:T	20	42993358	T	C	9999999	C	T	0.132591	0.382612634755954	0.191171	1.46611	2.00141	0.0453487	494	ADD	Y	C	.	0	2.3293026232621318e-11
20:42996059:A:G	20	42996059	G	A	9999999	A	G	0.240854	0.2153371605781188	0.146091	1.24028	1.47397	0.140489	492	ADD	Y	A	.	0	9.564414297324526e-12
20:42996110:G:C	20	42996110	C	G	9999999	G	C	0.394949	-0.2185578318163561	0.132183	0.803677	-1.65345	0.0982403	495	ADD	Y	G	.	0	1.2569651013256812e-11
20:43000012:G:A	20	43000012	A	G	9999999	G	A	0.0161943	-0.3824368065446399	0.508628	0.682197	-0.751897	0.452113	494	ADD	Y	G	.	0	4.358354506069336e-12
20:43005025:G:A	20	43005025	A	G	9999999	G	A	0.0131313	0.0483519729395811	0.54657	1.04954	0.0884643	0.929508	495	ADD	Y	G	.	0	3.3143806970156287e-12
20:43010547:G:A	20	43010547	A	G	9999999	G	A	0.0808081	-0.2655657838659787	0.242715	0.766772	-1.09415	0.273891	495	ADD	Y	G	.	0	5.939657588317223e-12
20:43012320:A:T	20	43012320	A	T	9999999	A	T	0.15121	0.2958362367076503	0.178864	1.34425	1.65399	0.0981303	496	ADD	Y	T	.	0	1.2580252812837406e-11
20:43023841:A:G	20	43023841	A	G	9999999	A	G	0.484756	0.2762368247670389	0.130008	1.31816	2.12475	0.0336071	492	ADD	Y	G	.	0	2.978916667539931e-11
20:43026616:T:C	20	43026616	C	T	9999999	T	C	0.33502	0.3071905388398238	0.140177	1.3596	2.19148	0.0284174	494	ADD	Y	T	.	0	3.422715280008431e-11
20:43026629:C:T	20	43026629	C	T	9999999	C	T	0.182186	0.0390283869674783	0.167311	1.0398	0.233252	0.815566	494	ADD	Y	T	.	0	3.3911732156761145e-12
20:43030484:A:T	20	43030484	T	A	9999999	A	T	0.046371	-0.2396134383638539	0.30695	0.786932	-0.780628	0.435021	496	ADD	Y	A	.	0	4.453504919528773e-12
20:43037380:G:A	20	43037380	A	G	9999999	G	A	0.0685072	0.0616123691275224	0.259337	1.06355	0.237559	0.812223	489	ADD	Y	G	.	0	3.394556437904951e-12
20:43038720:G:A	20	43038720	A	G	9999999	G	A	0.179435	0.1142033027176641	0.165556	1.12098	0.68983	0.490301	496	ADD	Y	G	.	0	4.171088055966101e-12
20:43040137:C:T	20	43040137	T	C	9999999	C	T	0.0141414	-1.2080845794323445	0.620868	0.298769	-1.9458	0.0516787	495	ADD	Y	C	.	0	2.0944958458562633e-11
20:43041234:C:G	20	43041234	G	C	9999999	C	G	0.0161943	-0.1972041553057893	0.502229	0.821023	-0.392659	0.694571	494	ADD	Y	C	.	0	3.561605379984276e-12
20:43041591:C:T	20	43041591	T	C	9999999	C	T	0.314141	0.0520609996264585	0.136955	1.05344	0.380138	0.703843	495	ADD	Y	C	.	0	3.5447039124159045e-12
20:43041732:G:A	20	43041732	A	G	9999999	G	A	0.255061	0.1132929703835186	0.147141	1.11996	0.769951	0.441329	494	ADD	Y	G	.	0	4.4175258301952945e-12
20:43042364:C:T	20	43042364	T	C	9999999	C	T	0.016129	0.5274762298349691	0.509392	1.69465	1.03551	0.300432	496	ADD	Y	C	.	0	5.587445361905251e-12
20:43047543:G:C	20	43047543	C	G	9999999	G	C	0.010101	-0.3088103780713015	0.625893	0.73432	-0.493392	0.621736	495	ADD	Y	G	.	0	3.721265747958961e-12
20:43052570:T:C	20	43052570	C	T	9999999	T	C	0.326263	0.096200692271283	0.133954	1.10098	0.718189	0.472641	495	ADD	Y	T	.	0	4.253582476912806e-12
20:43053588:A:T	20	43053588	T	A	9999999	A	T	0.308943	0.1435720659313418	0.138539	1.15439	1.03633	0.30005	492	ADD	Y	A	.	0	5.592139965717571e-12
20:43054273:T:C	20	43054273	C	T	9999999	T	C	0.0101215	-0.3201501692563601	0.626508	0.72604	-0.511007	0.609346	494	ADD	Y	T	.	0	3.753748371466967e-12
20:43054483:A:G	20	43054483	G	A	9999999	A	G	0.274194	0.1051344901159778	0.141497	1.11086	0.743041	0.457457	496	ADD	Y	A	.	0	4.330052409628886e-12
20:43056149:G:T	20	43056149	T	G	9999999	G	T	0.329637	0.1189734379574468	0.133148	1.12634	0.893514	0.371582	496	ADD	Y	G	.	0	4.886027569041078e-12
20:43068208:A:G	20	43068208	G	A	9999999	A	G	0.0665323	-0.009015517926955	0.264658	0.991025	-0.0340637	0.972826	496	ADD	Y	A	.	0	3.3035356908414763e-12
20:43070248:C:T	20	43070248	T	C	9999999	C	T	0.0614919	-0.0422459244941905	0.273441	0.958634	-0.154498	0.877217	496	ADD	Y	C	.	0	3.3406288900721127e-12
20:43074151:C:A	20	43074151	C	A	9999999	C	A	0.0675403	-0.1696252964879166	0.254669	0.843981	-0.666061	0.505372	496	ADD	Y	A	.	0	4.105670175284282e-12
20:43080426:G:T	20	43080426	T	G	9999999	G	T	0.0747475	-0.001062564321575	0.252614	0.998938	-0.00420603	0.996644	495	ADD	Y	G	.	0	3.3016799968825075e-12
20:43090106:C:T	20	43090106	T	C	9999999	C	T	0.0756048	-0.0419914280411649	0.247153	0.958878	-0.169899	0.86509	496	ADD	Y	C	.	0	3.3488459087771124e-12
20:43093701:T:C	20	43093701	C	T	9999999	T	C	0.0100806	0.1614979084331221	0.626961	1.17527	0.25759	0.796724	496	ADD	Y	T	.	0	3.411132616605793e-12
20:43095305:G:A	20	43095305	A	G	9999999	G	A	0.0121212	0.3673616372738559	0.574034	1.44392	0.639961	0.522198	495	ADD	Y	G	.	0	4.037553145811011e-12
20:43097021:A:G	20	43097021	G	A	9999999	A	G	0.200203	0.0567961259994112	0.163061	1.05844	0.348339	0.727586	492	ADD	Y	A	.	0	3.5045541822033784e-12
20:43112178:A:G	20	43112178	G	A	9999999	A	G	0.119433	0.1791665851006534	0.194009	1.19622	0.923504	0.355744	494	ADD	Y	A	.	0	5.018104556769257e-12
20:43118470:G:T	20	43118470	T	G	9999999	G	T	0.0725806	0.1278125712935618	0.246991	1.13634	0.517491	0.604813	496	ADD	Y	G	.	0	3.766040108254744e-12
20:43121857:G:C	20	43121857	C	G	9999999	G	C	0.0509165	0.0649353174035194	0.284827	1.06709	0.227972	0.819668	491	ADD	Y	G	.	0	3.3871102330992604e-12
20:43141375:T:C	20	43141375	C	T	9999999	T	C	0.156566	0.0420915882449643	0.173378	1.04299	0.242773	0.808181	495	ADD	Y	T	.	0	3.3987248875238096e-12
20:43144810:G:A	20	43144810	A	G	9999999	G	A	0.0212982	0.234083491352544	0.442782	1.26375	0.528671	0.597034	493	ADD	Y	G	.	0	3.7877498583448216e-12
20:43147030:A:G	20	43147030	G	A	9999999	A	G	0.0737374	0.1014368280534907	0.245603	1.10676	0.413025	0.679588	495	ADD	Y	A	.	0	3.590420340886607e-12
20:43147615:A:G	20	43147615	G	A	9999999	A	G	0.12753	0.1237385993616567	0.188302	1.13172	0.657144	0.511089	494	ADD	Y	A	.	0	4.0819180737411524e-12
20:43151094:T:C	20	43151094	C	T	9999999	T	C	0.127016	0.1224919313841176	0.188188	1.13031	0.650895	0.515114	496	ADD	Y	T	.	0	4.0656320054388505e-12
20:43154599:G:A	20	43154599	A	G	9999999	G	A	0.0455466	0.3051953164027652	0.308427	1.35689	0.98952	0.322409	494	ADD	Y	G	.	0	5.338417354838696e-12
20:43158376:A:G	20	43158376	G	A	9999999	A	G	0.127789	0.1192131237039503	0.188328	1.12661	0.633012	0.526726	493	ADD	Y	A	.	0	4.020038093967522e-12
20:43164338:G:A	20	43164338	A	G	9999999	G	A	0.151116	0.0180068982924577	0.174807	1.01817	0.103009	0.917956	493	ADD	Y	G	.	0	3.3189226615406087e-12
20:43170776:A:T	20	43170776	T	A	9999999	A	T	0.0455466	0.2967954194683145	0.308218	1.34554	0.962933	0.335581	494	ADD	Y	A	.	0	5.204416759642074e-12
20:43178882:A:G	20	43178882	G	A	9999999	A	G	0.0445344	0.2507742824283968	0.30997	1.28502	0.809021	0.418503	494	ADD	Y	A	.	0	4.553216803937538e-12
20:43179886:G:A	20	43179886	A	G	9999999	G	A	0.046371	0.2447563040502745	0.304076	1.27731	0.804925	0.420863	496	ADD	Y	G	.	0	4.538431086436672e-12
20:43180615:G:T	20	43180615	T	G	9999999	G	T	0.153455	0.0483519729395811	0.1732	1.04954	0.279176	0.78011	492	ADD	Y	G	.	0	3.4306108207108477e-12
20:43189563:T:C	20	43189563	C	T	9999999	T	C	0.0292929	-0.5645675275873561	0.390253	0.568606	-1.44667	0.14799	495	ADD	Y	T	.	0	9.199492703987393e-12
20:43194564:C:T	20	43194564	T	C	9999999	C	T	0.0733198	0.1326409963393759	0.247181	1.14184	0.536624	0.591528	491	ADD	Y	C	.	0	3.803536905299744e-12
20:43209241:G:C	20	43209241	C	G	9999999	G	C	0.0111789	0.1245688487491237	0.590113	1.13266	0.211097	0.832812	492	ADD	Y	G	.	0	3.374785104585196e-12
20:43209258:G:A	20	43209258	A	G	9999999	G	A	0.0292929	-0.5668723028708957	0.390344	0.567297	-1.45224	0.146436	495	ADD	Y	G	.	0	9.272162939542906e-12
20:43210047:A:G	20	43210047	G	A	9999999	A	G	0.0455466	0.3030927161512129	0.308375	1.35404	0.982874	0.32567	494	ADD	Y	A	.	0	5.304225314989198e-12
20:43220829:G:A	20	43220829	A	G	9999999	G	A	0.0756048	0.1599566496606779	0.24341	1.17346	0.657141	0.51109	496	ADD	Y	G	.	0	4.0819723420790275e-12
20:43224399:A:C	20	43224399	A	C	9999999	A	C	0.494919	0.0421011760186353	0.122315	1.043	0.344181	0.73071	492	ADD	Y	C	.	0	3.4996561514985963e-12
20:43229303:A:G	20	43229303	G	A	9999999	A	G	0.0454545	0.2899794315004644	0.308021	1.3364	0.941421	0.346489	495	ADD	Y	A	.	0	5.10100394957386e-12
20:43229364:G:T	20	43229364	T	G	9999999	G	T	0.151515	0.0701415448423705	0.173378	1.07266	0.40458	0.685787	495	ADD	Y	G	.	0	3.578248595215595e-12
20:43240449:T:C	20	43240449	C	T	9999999	T	C	0.0181452	0.4292076760530688	0.480105	1.53604	0.893992	0.371326	496	ADD	Y	T	.	0	4.887929796961952e-12
20:43245856:C:G	20	43245856	G	C	9999999	C	G	0.0121212	0.0878185511369104	0.563884	1.09179	0.155732	0.876244	495	ADD	Y	C	.	0	3.3412614480201423e-12
20:43247910:C:T	20	43247910	T	C	9999999	C	T	0.0141988	-0.3146217077077329	0.546127	0.730065	-0.576096	0.56455	493	ADD	Y	C	.	0	3.886487675080912e-12
20:43251767:G:A	20	43251767	A	G	9999999	G	A	0.125255	0.1232701759513654	0.193237	1.13119	0.637917	0.523528	491	ADD	Y	G	.	0	4.032382630022864e-12
